{
    "test": {
        "accuracy": 0.9277067541577102,
        "precision": 0.9272612270714737,
        "recall": 0.7366834170854272,
        "ROC_AUC": 0.9339032731184026
    },
    "step": 0
}
