{
    "test": {
        "accuracy": 0.9269148093675755,
        "precision": 0.9226415094339623,
        "recall": 0.7371859296482413,
        "ROC_AUC": 0.9351981839405819
    },
    "step": 0
}
