{
    "test": {
        "accuracy": 0.9214843308066524,
        "precision": 0.94141689373297,
        "recall": 0.6944723618090453,
        "ROC_AUC": 0.9410138002026485
    },
    "step": 0
}
