{
    "test": {
        "accuracy": 0.927141079307614,
        "precision": 0.9510723860589813,
        "recall": 0.7130653266331658,
        "ROC_AUC": 0.9438133872751111
    },
    "step": 0
}
