{
    "test": {
        "accuracy": 0.9288381038579024,
        "precision": 0.9570181329751511,
        "recall": 0.7160804020100503,
        "ROC_AUC": 0.9441692327897335
    },
    "step": 0
}
