{
    "test": {
        "accuracy": 0.9280461590677679,
        "precision": 0.9477513227513228,
        "recall": 0.7201005025125629,
        "ROC_AUC": 0.9444960970717216
    }
}
