{
    "test": {
        "accuracy": 0.9347038897325078,
        "precision": 0.9523465703971119,
        "recall": 0.727924944812362,
        "ROC_AUC": 0.9445553130755697
    },
    "step": 0
}
