{
    "test": {
        "accuracy": 0.9278198891277294,
        "precision": 0.9305732484076433,
        "recall": 0.7341708542713568,
        "ROC_AUC": 0.9418653348506293
    },
    "step": 0
}
