{
    "test": {
        "accuracy": 0.9228419504468831,
        "precision": 0.894927536231884,
        "recall": 0.7447236180904523,
        "ROC_AUC": 0.9392391215825074
    },
    "step": 0
}
