{
    "test": {
        "accuracy": 0.9327578373466606,
        "precision": 0.9572230014025246,
        "recall": 0.7199367088607594,
        "ROC_AUC": 0.944819259575518
    },
    "step": 0,
    "cross_validation": {
        "avg_accuracy": 0.9333462922773833,
        "avg_precision": 0.9549403965422387,
        "avg_recall": 0.7331323206594418
    }
}
