{
    "test": {
        "accuracy": 0.9284986989478448,
        "precision": 0.9341432225063938,
        "recall": 0.7341708542713568,
        "ROC_AUC": 0.9343862692055694
    },
    "step": 0
}
