{
    "test": {
        "accuracy": 0.9286118339178641,
        "precision": 0.9670103092783505,
        "recall": 0.707035175879397,
        "ROC_AUC": 0.9436578424316061
    },
    "step": 0
}
