{
    "test": {
        "accuracy": 0.9253309197873063,
        "precision": 0.9335071707953064,
        "recall": 0.7195979899497488,
        "ROC_AUC": 0.94179277171373
    },
    "step": 0
}
