{
    "test": {
        "accuracy": 0.870347324357959,
        "precision": 0.766078184110971,
        "recall": 0.6105527638190955,
        "ROC_AUC": 0.8983968976140742
    },
    "step": 0
}
