{
    "test": {
        "accuracy": 0.9238601651770563,
        "precision": 0.9027522935779817,
        "recall": 0.7417085427135678,
        "ROC_AUC": 0.934939480582941
    },
    "step": 0
}
