{
    "test": {
        "accuracy": 0.9282724290078063,
        "precision": 0.9631147540983607,
        "recall": 0.7085427135678392,
        "ROC_AUC": 0.9454277519881493
    },
    "step": 0
}
