{
    "test": {
        "accuracy": 0.8860730851906324,
        "precision": 0.8024615384615384,
        "recall": 0.6552763819095477,
        "ROC_AUC": 0.9158761393476362
    },
    "step": 0
}
