{
    "test": {
        "accuracy": 0.9269148093675755,
        "precision": 0.9565217391304348,
        "recall": 0.7075376884422111,
        "ROC_AUC": 0.9461006668618315
    },
    "step": 0
}
