{
    "test": {
        "accuracy": 0.9275936191876909,
        "precision": 0.9694019471488178,
        "recall": 0.700502512562814,
        "ROC_AUC": 0.9416276520579243
    },
    "step": 0
}
