step	avg_recall
0	0.7331323206594418
0	0.7302796517911441
0	0.7302796517911441
