step	avg_accuracy
0	0.9333462922773833
0	0.9334993773349938
