step	avg_precision
0	0.9549403965422387
0	0.9551821261561677
